{
  "version": 1,
  "author": "Sabika_Batool_Zaidi 1282",
  "editor": "wokwi",
  "parts": [
    { "type": "wokwi-led", "id": "led1", "top": 25.2, "left": 147.8, "attrs": { "color": "red" } },
    { "type": "wokwi-led", "id": "led2", "top": 6, "left": 186.2, "attrs": { "color": "green" } },
    { "type": "wokwi-led", "id": "led3", "top": 44.4, "left": 99.8, "attrs": { "color": "blue" } },
    {
      "type": "wokwi-pushbutton",
      "id": "btn1",
      "top": 133.8,
      "left": -150.6,
      "rotate": 90,
      "attrs": { "color": "green", "xray": "1" }
    },
    {
      "type": "wokwi-pushbutton",
      "id": "btn2",
      "top": 133.8,
      "left": -93,
      "rotate": 90,
      "attrs": { "color": "grey", "xray": "1" }
    },
    {
      "type": "wokwi-buzzer",
      "id": "bz1",
      "top": 12,
      "left": -209.4,
      "attrs": { "volume": "0.1" }
    },
    {
      "type": "board-ssd1306",
      "id": "oled1",
      "top": -44.86,
      "left": -114.97,
      "attrs": { "i2cAddress": "0x3c" }
    },
    { "type": "wokwi-esp32-devkit-v1", "id": "esp1", "top": 52.7, "left": -24.2, "attrs": {} },
    {
      "type": "wokwi-resistor",
      "id": "r1",
      "top": 81.6,
      "left": 181.85,
      "rotate": 90,
      "attrs": { "value": "220" }
    },
    {
      "type": "wokwi-resistor",
      "id": "r2",
      "top": 100.8,
      "left": 143.45,
      "rotate": 90,
      "attrs": { "value": "220" }
    },
    {
      "type": "wokwi-resistor",
      "id": "r3",
      "top": 120,
      "left": 95.45,
      "rotate": 90,
      "attrs": { "value": "220" }
    }
  ],
  "connections": [
    [ "r3:1", "led3:A", "blue", [ "h9.6", "v-9.6" ] ],
    [ "r3:2", "esp1:D2", "blue", [ "v27.6", "h-47.7" ] ],
    [ "led3:C", "esp1:GND.1", "blue", [ "v0" ] ],
    [ "led1:A", "r2:1", "red", [ "v0" ] ],
    [ "r2:2", "esp1:D4", "red", [ "v37.2", "h-95.7" ] ],
    [ "led1:C", "esp1:GND.1", "red", [ "v0" ] ],
    [ "led2:A", "r1:1", "green", [ "v0" ] ],
    [ "r1:2", "esp1:D5", "green", [ "v27.6", "h-134.1" ] ],
    [ "led2:C", "esp1:GND.1", "green", [ "v0" ] ],
    [ "btn2:1.r", "esp1:GND.2", "gray", [ "v19.4", "h48" ] ],
    [ "btn1:1.r", "esp1:GND.2", "green", [ "v29", "h105.6" ] ],
    [ "btn2:2.l", "esp1:D32", "gray", [ "v0" ] ],
    [ "btn1:2.l", "esp1:D35", "green", [ "v0" ] ],
    [ "oled1:SDA", "esp1:D21", "green", [ "h144.07", "v173.2" ] ],
    [ "oled1:SCL", "esp1:D22", "green", [ "v9.6", "h144.3", "v115.5" ] ],
    [ "oled1:VCC", "esp1:3V3", "red", [ "v-19.2", "h307.35", "v268.8" ] ],
    [ "oled1:GND", "esp1:GND.2", "black", [ "v0" ] ],
    [ "bz1:1", "esp1:GND.2", "black", [ "v172.8", "h163.2" ] ],
    [ "bz1:2", "esp1:D25", "red", [ "v0" ] ]
  ],
  "dependencies": {}
}