{
  "version": 1,
  "author": "Nasir",
  "editor": "wokwi",
  "parts": [
    { "type": "wokwi-esp32-devkit-v1", "id": "esp", "top": 4.7, "left": -120.2, "attrs": {} },
    { "type": "wokwi-dht11", "id": "dht1", "top": -120, "left": -150, "attrs": {} },
    { "type": "board-ssd1306", "id": "oled1", "top": 89.54, "left": 173.03, "attrs": {} },
    {
      "type": "wokwi-pushbutton",
      "id": "btn1",
      "top": 83,
      "left": 19.2,
      "attrs": { "color": "green", "label": "BTN" }
    },
    { "type": "wokwi-dht22", "id": "dht2", "top": -95.7, "left": 100.2, "attrs": {} }
  ],
  "connections": [
    [ "esp:TX0", "$serialMonitor:RX", "", [] ],
    [ "esp:RX0", "$serialMonitor:TX", "", [] ],
    [ "esp:3V3", "oled1:VCC", "red", [ "h172.5", "v-86.4", "h67.05" ] ],
    [ "esp:D22", "oled1:SCL", "blue", [] ],
    [ "esp:D21", "oled1:SDA", "blue", [] ],
    [ "btn1:1.l", "esp:D5", "yellow", [] ],
    [ "btn1:2.l", "esp:GND.1", "black", [ "v38.6", "h-38.1" ] ],
    [ "oled1:GND", "esp:GND.1", "black", [ "v-9.6", "h-67.2", "v67.3" ] ],
    [ "dht2:VCC", "esp:3V3", "red", [ "v153.6", "h-134.1" ] ],
    [ "dht2:GND", "esp:GND.1", "black", [ "v0" ] ],
    [ "dht2:SDA", "esp:D23", "green", [ "v0" ] ]
  ],
  "dependencies": {}
}