{
  "version": 1,
  "author": "Nasir",
  "editor": "wokwi",
  "parts": [
    { "type": "wokwi-esp32-devkit-v1", "id": "esp", "top": -24.1, "left": 244.6, "attrs": {} },
    {
      "type": "wokwi-buzzer",
      "id": "bz1",
      "top": -36,
      "left": -142.2,
      "attrs": { "volume": "0.1" }
    },
    {
      "type": "wokwi-led",
      "id": "led1",
      "top": -51.6,
      "left": -73,
      "attrs": { "color": "yellow" }
    },
    {
      "type": "wokwi-resistor",
      "id": "r1",
      "top": 33.6,
      "left": -77.35,
      "rotate": 90,
      "attrs": { "value": "220" }
    },
    {
      "type": "board-ssd1306",
      "id": "oled1",
      "top": 195.14,
      "left": 365.03,
      "attrs": { "i2cAddress": "0x3c" }
    },
    { "type": "wokwi-dht22", "id": "dht1", "top": 173.1, "left": -82.2, "attrs": {} },
    { "type": "wokwi-gas-sensor", "id": "gas1", "top": -26.1, "left": -2.6, "attrs": {} }
  ],
  "connections": [
    [ "esp:TX", "$serialMonitor:RX", "", [] ],
    [ "esp:RX", "$serialMonitor:TX", "", [] ],
    [ "bz1:1", "esp:GND.2", "black", [ "v0" ] ],
    [ "bz1:2", "esp:D26", "red", [ "v0" ] ],
    [ "led1:A", "r1:1", "yellow", [ "v0" ] ],
    [ "r1:2", "esp:D25", "yellow", [ "v-1.2", "h297.6" ] ],
    [ "led1:C", "esp:GND.2", "black", [ "v0" ] ],
    [ "oled1:GND", "esp:GND.1", "black", [ "v0" ] ],
    [ "oled1:VCC", "esp:3V3", "red", [ "v0" ] ],
    [ "oled1:SCL", "esp:D22", "green", [ "v0" ] ],
    [ "oled1:SDA", "esp:D21", "green", [ "v0" ] ],
    [ "dht1:VCC", "esp:3V3", "red", [ "v19.2", "h221.1" ] ],
    [ "dht1:GND", "esp:GND.2", "black", [ "h38.4", "v-143.9" ] ],
    [ "esp:D27", "dht1:SDA", "green", [ "h-19.2", "v191.7", "h-96.1" ] ],
    [ "gas1:VCC", "esp:VIN", "purple", [ "v114.3", "h115.2" ] ],
    [ "gas1:GND", "esp:GND.2", "black", [ "h38.4", "v114.5" ] ],
    [ "gas1:AOUT", "esp:D34", "blue", [ "h57.6", "v38.6" ] ]
  ],
  "dependencies": {}
}